<?xml version="1.0" encoding="utf-8" standalone="yes"?>
<rss version="2.0" xmlns:atom="http://www.w3.org/2005/Atom">
  <channel>
    <title>Tags on Flutter Is Fun</title>
    <link>https://www.flutterisfun.com/tags/</link>
    <description>Recent content in Tags on Flutter Is Fun</description>
    <generator>Hugo -- gohugo.io</generator>
    <language>en-us</language>
    <lastBuildDate>Mon, 27 Apr 2020 08:21:17 -0700</lastBuildDate>
    
	<atom:link href="https://www.flutterisfun.com/tags/index.xml" rel="self" type="application/rss+xml" />
    
    
    <item>
      <title>dart</title>
      <link>https://www.flutterisfun.com/tags/dart/</link>
      <pubDate>Mon, 27 Apr 2020 08:21:17 -0700</pubDate>
      
      <guid>https://www.flutterisfun.com/tags/dart/</guid>
      <description></description>
    </item>
    
    <item>
      <title>flutter</title>
      <link>https://www.flutterisfun.com/tags/flutter/</link>
      <pubDate>Sun, 26 Apr 2020 08:21:17 -0700</pubDate>
      
      <guid>https://www.flutterisfun.com/tags/flutter/</guid>
      <description></description>
    </item>
    
    <item>
      <title>origin story</title>
      <link>https://www.flutterisfun.com/tags/origin-story/</link>
      <pubDate>Sun, 26 Apr 2020 08:21:17 -0700</pubDate>
      
      <guid>https://www.flutterisfun.com/tags/origin-story/</guid>
      <description></description>
    </item>
    
  </channel>
</rss>