<?xml version="1.0" encoding="utf-8" standalone="yes"?>
<rss version="2.0" xmlns:atom="http://www.w3.org/2005/Atom">
  <channel>
    <title>Flutter Is Fun</title>
    <link>https://www.flutterisfun.com/</link>
    <description>Recent content on Flutter Is Fun</description>
    <generator>Hugo -- gohugo.io</generator>
    <language>en-us</language>
    <lastBuildDate>Tue, 28 May 2019 00:00:00 +0000</lastBuildDate>
    
	<atom:link href="https://www.flutterisfun.com/index.xml" rel="self" type="application/rss+xml" />
    
    
    <item>
      <title>Zip and Reduce in Dart</title>
      <link>https://www.flutterisfun.com/posts/zip_and_reduce/</link>
      <pubDate>Mon, 27 Apr 2020 08:21:17 -0700</pubDate>
      
      <guid>https://www.flutterisfun.com/posts/zip_and_reduce/</guid>
      <description>As a Python developer who is also writing Dart, there are a few things I was missing when developing in Dart.</description>
    </item>
    
    <item>
      <title>Introduction</title>
      <link>https://www.flutterisfun.com/posts/introduction/</link>
      <pubDate>Sun, 26 Apr 2020 08:21:17 -0700</pubDate>
      
      <guid>https://www.flutterisfun.com/posts/introduction/</guid>
      <description>Why am I starting a newsletter for Flutter?
I&amp;rsquo;ve always enjoyed making applications and websites, but I never really liked the front end part.</description>
    </item>
    
    <item>
      <title></title>
      <link>https://www.flutterisfun.com/archives/</link>
      <pubDate>Tue, 28 May 2019 00:00:00 +0000</pubDate>
      
      <guid>https://www.flutterisfun.com/archives/</guid>
      <description></description>
    </item>
    
    <item>
      <title>About</title>
      <link>https://www.flutterisfun.com/about/</link>
      <pubDate>Tue, 28 May 2019 00:00:00 +0000</pubDate>
      
      <guid>https://www.flutterisfun.com/about/</guid>
      <description>Flutter Is Fun is a newsletter for Flutter and Dart developers.</description>
    </item>
    
  </channel>
</rss>